#VALUE!,අකුර ඇකඩමි,,,,,,,,,,,,
ඔබ විසින් සකස් කරන ප්‍රශ්න සහ උත්තර පහත පරිදි සම්පූර්ණ කොට එවීමට කාරුණික වන්න.,,,,,විෂය- සිංහල/ විද්‍යාව,,අංශය - උසස් පෙළ / සාමාන්‍ය පෙළ,,,නම - ඒ. කේ. කුමාර (ඔබේ නම),,දු.ක.අං - ,ඊමේලය - 
,,,,,,,,,,,,,
Question_ID,Question_Text,Option_1,Status_1,Option_2,Status_2,Option_3,Status_3,Option_4,Status_4,Option_5,Status_5,Correct_Option_Index,Correct_Description
Q000,ශ්‍රී ලංකාවේ පළමු වැනි රජතුමා කවුරුන්ද?,මුටසිව රජතුමා,Wrong,පණ්ඩුකාභය රජතුමා	,Wrong,විජය රජතුමා,Correct,කාවන්තිස්ස රජතුමා,Wrong,අසේල රජතුමා,Wrong,1,විජය රජු ක්‍රි.පූ. 6 වෙනි සියවසේ ලංකාවට පැමිණ වසර 38ක් රජ කළේය. මොහුගේ දෙමව්පියෝ සිංහබාහු සහ සිංහසීවලි වෙති. මුලදී කුවේණි ද පසුව විජයිනා ද බිසව කරගත්තේය. පණ්ඩුවාසදේව රජතුමා මොහුට පසුව රජ විය. 
Q001,,,Wrong,,Wrong,,Wrong,,Wrong,,Wrong,1,
Q002,,,Wrong,,Wrong,,Wrong,,Wrong,,Wrong,1,
Q003,,,Wrong,,Wrong,,Wrong,,Wrong,,Wrong,1,
Q004,,,Wrong,,Wrong,,Wrong,,Wrong,,Wrong,1,
Q005,,,Wrong,,Wrong,,Wrong,,Wrong,,Wrong,1,
Q006,,,Wrong,,Wrong,,Wrong,,Wrong,,Wrong,1,
Q007,,,Wrong,,Wrong,,Wrong,,Wrong,,Wrong,1,
Q008,,,Wrong,,Wrong,,Wrong,,Wrong,,Wrong,1,
Q009,,,Wrong,,Wrong,,Wrong,,Wrong,,Wrong,1,
Q010,,,Wrong,,Wrong,,Wrong,,Wrong,,Wrong,1,
Q011,,,Wrong,,Wrong,,Wrong,,Wrong,,Wrong,1,
Q012,,,Wrong,,Wrong,,Wrong,,Wrong,,Wrong,1,
Q013,,,Wrong,,Wrong,,Wrong,,Wrong,,Wrong,1,
Q014,,,Wrong,,Wrong,,Wrong,,Wrong,,Wrong,1,
Q015,,,Wrong,,Wrong,,Wrong,,Wrong,,Wrong,1,
Q016,,,Wrong,,Wrong,,Wrong,,Wrong,,Wrong,1,
Q017,,,Wrong,,Wrong,,Wrong,,Wrong,,Wrong,1,
Q018,,,Wrong,,Wrong,,Wrong,,Wrong,,Wrong,1,
Q019,,,Wrong,,Wrong,,Wrong,,Wrong,,Wrong,1,
Q020,,,Wrong,,Wrong,,Wrong,,Wrong,,Wrong,1,
Q021,,,Wrong,,Wrong,,Wrong,,Wrong,,Wrong,1,
Q022,,,Wrong,,Wrong,,Wrong,,Wrong,,Wrong,1,
Q023,,,Wrong,,Wrong,,Wrong,,Wrong,,Wrong,1,
Q024,,,Wrong,,Wrong,,Wrong,,Wrong,,Wrong,1,
Q025,,,Wrong,,Wrong,,Wrong,,Wrong,,Wrong,1,
Q026,,,Wrong,,Wrong,,Wrong,,Wrong,,Wrong,1,
Q027,,,Wrong,,Wrong,,Wrong,,Wrong,,Wrong,1,
Q028,,,Wrong,,Wrong,,Wrong,,Wrong,,Wrong,1,
Q029,,,Wrong,,Wrong,,Wrong,,Wrong,,Wrong,1,
Q030,,,Wrong,,Wrong,,Wrong,,Wrong,,Wrong,1,
Q031,,,Wrong,,Wrong,,Wrong,,Wrong,,Wrong,1,
Q032,,,Wrong,,Wrong,,Wrong,,Wrong,,Wrong,1,
Q033,,,Wrong,,Wrong,,Wrong,,Wrong,,Wrong,1,
Q034,,,Wrong,,Wrong,,Wrong,,Wrong,,Wrong,1,
Q035,,,Wrong,,Wrong,,Wrong,,Wrong,,Wrong,1,
Q036,,,Wrong,,Wrong,,Wrong,,Wrong,,Wrong,1,
Q037,,,Wrong,,Wrong,,Wrong,,Wrong,,Wrong,1,
Q038,,,Wrong,,Wrong,,Wrong,,Wrong,,Wrong,1,
Q039,,,Wrong,,Wrong,,Wrong,,Wrong,,Wrong,1,
Q040,,,Wrong,,Wrong,,Wrong,,Wrong,,Wrong,1,
Q041,,,Wrong,,Wrong,,Wrong,,Wrong,,Wrong,1,
Q042,,,Wrong,,Wrong,,Wrong,,Wrong,,Wrong,1,
Q043,,,Wrong,,Wrong,,Wrong,,Wrong,,Wrong,1,
Q044,,,Wrong,,Wrong,,Wrong,,Wrong,,Wrong,1,
Q045,,,Wrong,,Wrong,,Wrong,,Wrong,,Wrong,1,
Q046,,,Wrong,,Wrong,,Wrong,,Wrong,,Wrong,1,
Q047,,,Wrong,,Wrong,,Wrong,,Wrong,,Wrong,1,
Q048,,,Wrong,,Wrong,,Wrong,,Wrong,,Wrong,1,
Q049,,,Wrong,,Wrong,,Wrong,,Wrong,,Wrong,1,
Q050,,,Wrong,,Wrong,,Wrong,,Wrong,,Wrong,1,
Q051,,,Wrong,,Wrong,,Wrong,,Wrong,,Wrong,1,
Q052,,,Wrong,,Wrong,,Wrong,,Wrong,,Wrong,1,
Q053,,,Wrong,,Wrong,,Wrong,,Wrong,,Wrong,1,
Q054,,,Wrong,,Wrong,,Wrong,,Wrong,,Wrong,1,
Q055,,,Wrong,,Wrong,,Wrong,,Wrong,,Wrong,1,
Q056,,,Wrong,,Wrong,,Wrong,,Wrong,,Wrong,1,
Q057,,,Wrong,,Wrong,,Wrong,,Wrong,,Wrong,1,
Q058,,,Wrong,,Wrong,,Wrong,,Wrong,,Wrong,1,
Q059,,,Wrong,,Wrong,,Wrong,,Wrong,,Wrong,1,
Q060,,,Wrong,,Wrong,,Wrong,,Wrong,,Wrong,1,
Q061,,,Wrong,,Wrong,,Wrong,,Wrong,,Wrong,1,
Q062,,,Wrong,,Wrong,,Wrong,,Wrong,,Wrong,1,
Q063,,,Wrong,,Wrong,,Wrong,,Wrong,,Wrong,1,
Q064,,,Wrong,,Wrong,,Wrong,,Wrong,,Wrong,1,
Q065,,,Wrong,,Wrong,,Wrong,,Wrong,,Wrong,1,
Q066,,,Wrong,,Wrong,,Wrong,,Wrong,,Wrong,1,
Q067,,,Wrong,,Wrong,,Wrong,,Wrong,,Wrong,1,
Q068,,,Wrong,,Wrong,,Wrong,,Wrong,,Wrong,1,
Q069,,,Wrong,,Wrong,,Wrong,,Wrong,,Wrong,1,
Q070,,,Wrong,,Wrong,,Wrong,,Wrong,,Wrong,1,
Q071,,,Wrong,,Wrong,,Wrong,,Wrong,,Wrong,1,
Q072,,,Wrong,,Wrong,,Wrong,,Wrong,,Wrong,1,
Q073,,,Wrong,,Wrong,,Wrong,,Wrong,,Wrong,1,
Q074,,,Wrong,,Wrong,,Wrong,,Wrong,,Wrong,1,
Q075,,,Wrong,,Wrong,,Wrong,,Wrong,,Wrong,1,
Q076,,,Wrong,,Wrong,,Wrong,,Wrong,,Wrong,1,
Q077,,,Wrong,,Wrong,,Wrong,,Wrong,,Wrong,1,
Q078,,,Wrong,,Wrong,,Wrong,,Wrong,,Wrong,1,
Q079,,,Wrong,,Wrong,,Wrong,,Wrong,,Wrong,1,
Q080,,,Wrong,,Wrong,,Wrong,,Wrong,,Wrong,1,
Q081,,,Wrong,,Wrong,,Wrong,,Wrong,,Wrong,1,
Q082,,,Wrong,,Wrong,,Wrong,,Wrong,,Wrong,1,
Q083,,,Wrong,,Wrong,,Wrong,,Wrong,,Wrong,1,
Q084,,,Wrong,,Wrong,,Wrong,,Wrong,,Wrong,1,
Q085,,,Wrong,,Wrong,,Wrong,,Wrong,,Wrong,1,
Q086,,,Wrong,,Wrong,,Wrong,,Wrong,,Wrong,1,
Q087,,,Wrong,,Wrong,,Wrong,,Wrong,,Wrong,1,
Q088,,,Wrong,,Wrong,,Wrong,,Wrong,,Wrong,1,
Q089,,,Wrong,,Wrong,,Wrong,,Wrong,,Wrong,1,
Q090,,,Wrong,,Wrong,,Wrong,,Wrong,,Wrong,1,
Q091,,,Wrong,,Wrong,,Wrong,,Wrong,,Wrong,1,
Q092,,,Wrong,,Wrong,,Wrong,,Wrong,,Wrong,1,
Q093,,,Wrong,,Wrong,,Wrong,,Wrong,,Wrong,1,
Q094,,,Wrong,,Wrong,,Wrong,,Wrong,,Wrong,1,
Q095,,,Wrong,,Wrong,,Wrong,,Wrong,,Wrong,1,
Q096,,,Wrong,,Wrong,,Wrong,,Wrong,,Wrong,1,
Q097,,,Wrong,,Wrong,,Wrong,,Wrong,,Wrong,1,
Q098,,,Wrong,,Wrong,,Wrong,,Wrong,,Wrong,1,
Q099,,,Wrong,,Wrong,,Wrong,,Wrong,,Wrong,1,
Q100,,,Wrong,,Wrong,,Wrong,,Wrong,,Wrong,1,
Q101,,,Wrong,,Wrong,,Wrong,,Wrong,,Wrong,1,
Q102,,,Wrong,,Wrong,,Wrong,,Wrong,,Wrong,1,
Q103,,,Wrong,,Wrong,,Wrong,,Wrong,,Wrong,1,
Q104,,,Wrong,,Wrong,,Wrong,,Wrong,,Wrong,1,
Q105,,,Wrong,,Wrong,,Wrong,,Wrong,,Wrong,1,
Q106,,,Wrong,,Wrong,,Wrong,,Wrong,,Wrong,1,
Q107,,,Wrong,,Wrong,,Wrong,,Wrong,,Wrong,1,
Q108,,,Wrong,,Wrong,,Wrong,,Wrong,,Wrong,1,
Q109,,,Wrong,,Wrong,,Wrong,,Wrong,,Wrong,1,
Q110,,,Wrong,,Wrong,,Wrong,,Wrong,,Wrong,1,
Q111,,,Wrong,,Wrong,,Wrong,,Wrong,,Wrong,1,
Q112,,,Wrong,,Wrong,,Wrong,,Wrong,,Wrong,1,
Q113,,,Wrong,,Wrong,,Wrong,,Wrong,,Wrong,1,
Q114,,,Wrong,,Wrong,,Wrong,,Wrong,,Wrong,1,
Q115,,,Wrong,,Wrong,,Wrong,,Wrong,,Wrong,1,
Q116,,,Wrong,,Wrong,,Wrong,,Wrong,,Wrong,1,
Q117,,,Wrong,,Wrong,,Wrong,,Wrong,,Wrong,1,
Q118,,,Wrong,,Wrong,,Wrong,,Wrong,,Wrong,1,
Q119,,,Wrong,,Wrong,,Wrong,,Wrong,,Wrong,1,
Q120,,,Wrong,,Wrong,,Wrong,,Wrong,,Wrong,1,
Q121,,,Wrong,,Wrong,,Wrong,,Wrong,,Wrong,1,
Q122,,,Wrong,,Wrong,,Wrong,,Wrong,,Wrong,1,
Q123,,,Wrong,,Wrong,,Wrong,,Wrong,,Wrong,1,
Q124,,,Wrong,,Wrong,,Wrong,,Wrong,,Wrong,1,
Q125,,,Wrong,,Wrong,,Wrong,,Wrong,,Wrong,1,
Q126,,,Wrong,,Wrong,,Wrong,,Wrong,,Wrong,1,
Q127,,,Wrong,,Wrong,,Wrong,,Wrong,,Wrong,1,
Q128,,,Wrong,,Wrong,,Wrong,,Wrong,,Wrong,1,
Q129,,,Wrong,,Wrong,,Wrong,,Wrong,,Wrong,1,
Q130,,,Wrong,,Wrong,,Wrong,,Wrong,,Wrong,1,
Q131,,,Wrong,,Wrong,,Wrong,,Wrong,,Wrong,1,
Q132,,,Wrong,,Wrong,,Wrong,,Wrong,,Wrong,1,
Q133,,,Wrong,,Wrong,,Wrong,,Wrong,,Wrong,1,
Q134,,,Wrong,,Wrong,,Wrong,,Wrong,,Wrong,1,
Q135,,,Wrong,,Wrong,,Wrong,,Wrong,,Wrong,1,
Q136,,,Wrong,,Wrong,,Wrong,,Wrong,,Wrong,1,
Q137,,,Wrong,,Wrong,,Wrong,,Wrong,,Wrong,1,
Q138,,,Wrong,,Wrong,,Wrong,,Wrong,,Wrong,1,
Q139,,,Wrong,,Wrong,,Wrong,,Wrong,,Wrong,1,
Q140,,,Wrong,,Wrong,,Wrong,,Wrong,,Wrong,1,
Q141,,,Wrong,,Wrong,,Wrong,,Wrong,,Wrong,1,
Q142,,,Wrong,,Wrong,,Wrong,,Wrong,,Wrong,1,
Q143,,,Wrong,,Wrong,,Wrong,,Wrong,,Wrong,1,
Q144,,,Wrong,,Wrong,,Wrong,,Wrong,,Wrong,1,
Q145,,,Wrong,,Wrong,,Wrong,,Wrong,,Wrong,1,
Q146,,,Wrong,,Wrong,,Wrong,,Wrong,,Wrong,1,
Q147,,,Wrong,,Wrong,,Wrong,,Wrong,,Wrong,1,
Q148,,,Wrong,,Wrong,,Wrong,,Wrong,,Wrong,1,
Q149,,,Wrong,,Wrong,,Wrong,,Wrong,,Wrong,1,
Q150,,,Wrong,,Wrong,,Wrong,,Wrong,,Wrong,1,
Q151,,,Wrong,,Wrong,,Wrong,,Wrong,,Wrong,1,
Q152,,,Wrong,,Wrong,,Wrong,,Wrong,,Wrong,1,
Q153,,,Wrong,,Wrong,,Wrong,,Wrong,,Wrong,1,
Q154,,,Wrong,,Wrong,,Wrong,,Wrong,,Wrong,1,
Q155,,,Wrong,,Wrong,,Wrong,,Wrong,,Wrong,1,
Q156,,,Wrong,,Wrong,,Wrong,,Wrong,,Wrong,1,
Q157,,,Wrong,,Wrong,,Wrong,,Wrong,,Wrong,1,
Q158,,,Wrong,,Wrong,,Wrong,,Wrong,,Wrong,1,
Q159,,,Wrong,,Wrong,,Wrong,,Wrong,,Wrong,1,
Q160,,,Wrong,,Wrong,,Wrong,,Wrong,,Wrong,1,
Q161,,,Wrong,,Wrong,,Wrong,,Wrong,,Wrong,1,
Q162,,,Wrong,,Wrong,,Wrong,,Wrong,,Wrong,1,
Q163,,,Wrong,,Wrong,,Wrong,,Wrong,,Wrong,1,
Q164,,,Wrong,,Wrong,,Wrong,,Wrong,,Wrong,1,
Q165,,,Wrong,,Wrong,,Wrong,,Wrong,,Wrong,1,
Q166,,,Wrong,,Wrong,,Wrong,,Wrong,,Wrong,1,
Q167,,,Wrong,,Wrong,,Wrong,,Wrong,,Wrong,1,
Q168,,,Wrong,,Wrong,,Wrong,,Wrong,,Wrong,1,
Q169,,,Wrong,,Wrong,,Wrong,,Wrong,,Wrong,1,
Q170,,,Wrong,,Wrong,,Wrong,,Wrong,,Wrong,1,
Q171,,,Wrong,,Wrong,,Wrong,,Wrong,,Wrong,1,
Q172,,,Wrong,,Wrong,,Wrong,,Wrong,,Wrong,1,
Q173,,,Wrong,,Wrong,,Wrong,,Wrong,,Wrong,1,
Q174,,,Wrong,,Wrong,,Wrong,,Wrong,,Wrong,1,
Q175,,,Wrong,,Wrong,,Wrong,,Wrong,,Wrong,1,
Q176,,,Wrong,,Wrong,,Wrong,,Wrong,,Wrong,1,
Q177,,,Wrong,,Wrong,,Wrong,,Wrong,,Wrong,1,
Q178,,,Wrong,,Wrong,,Wrong,,Wrong,,Wrong,1,
Q179,,,Wrong,,Wrong,,Wrong,,Wrong,,Wrong,1,
Q180,,,Wrong,,Wrong,,Wrong,,Wrong,,Wrong,1,
Q181,,,Wrong,,Wrong,,Wrong,,Wrong,,Wrong,1,
Q182,,,Wrong,,Wrong,,Wrong,,Wrong,,Wrong,1,
Q183,,,Wrong,,Wrong,,Wrong,,Wrong,,Wrong,1,
Q184,,,Wrong,,Wrong,,Wrong,,Wrong,,Wrong,1,
Q185,,,Wrong,,Wrong,,Wrong,,Wrong,,Wrong,1,
Q186,,,Wrong,,Wrong,,Wrong,,Wrong,,Wrong,1,
Q187,,,Wrong,,Wrong,,Wrong,,Wrong,,Wrong,1,
Q188,,,Wrong,,Wrong,,Wrong,,Wrong,,Wrong,1,
Q189,,,Wrong,,Wrong,,Wrong,,Wrong,,Wrong,1,
Q190,,,Wrong,,Wrong,,Wrong,,Wrong,,Wrong,1,
Q191,,,Wrong,,Wrong,,Wrong,,Wrong,,Wrong,1,
Q192,,,Wrong,,Wrong,,Wrong,,Wrong,,Wrong,1,
Q193,,,Wrong,,Wrong,,Wrong,,Wrong,,Wrong,1,
Q194,,,Wrong,,Wrong,,Wrong,,Wrong,,Wrong,1,
Q195,,,Wrong,,Wrong,,Wrong,,Wrong,,Wrong,1,
Q196,,,Wrong,,Wrong,,Wrong,,Wrong,,Wrong,1,
Q197,,,Wrong,,Wrong,,Wrong,,Wrong,,Wrong,1,
Q198,,,Wrong,,Wrong,,Wrong,,Wrong,,Wrong,1,
Q199,,,Wrong,,Wrong,,Wrong,,Wrong,,Wrong,1,
Q200,,,Wrong,,Wrong,,Wrong,,Wrong,,Wrong,1,
Q201,,,Wrong,,Wrong,,Wrong,,Wrong,,Wrong,1,
Q202,,,Wrong,,Wrong,,Wrong,,Wrong,,Wrong,1,
Q203,,,Wrong,,Wrong,,Wrong,,Wrong,,Wrong,1,
Q204,,,Wrong,,Wrong,,Wrong,,Wrong,,Wrong,1,
Q205,,,Wrong,,Wrong,,Wrong,,Wrong,,Wrong,1,
Q206,,,Wrong,,Wrong,,Wrong,,Wrong,,Wrong,1,
Q207,,,Wrong,,Wrong,,Wrong,,Wrong,,Wrong,1,
Q208,,,Wrong,,Wrong,,Wrong,,Wrong,,Wrong,1,
Q209,,,Wrong,,Wrong,,Wrong,,Wrong,,Wrong,1,
Q210,,,Wrong,,Wrong,,Wrong,,Wrong,,Wrong,1,
Q211,,,Wrong,,Wrong,,Wrong,,Wrong,,Wrong,1,
Q212,,,Wrong,,Wrong,,Wrong,,Wrong,,Wrong,1,
Q213,,,Wrong,,Wrong,,Wrong,,Wrong,,Wrong,1,
Q214,,,Wrong,,Wrong,,Wrong,,Wrong,,Wrong,1,
Q215,,,Wrong,,Wrong,,Wrong,,Wrong,,Wrong,1,
Q216,,,Wrong,,Wrong,,Wrong,,Wrong,,Wrong,1,
Q217,,,Wrong,,Wrong,,Wrong,,Wrong,,Wrong,1,
Q218,,,Wrong,,Wrong,,Wrong,,Wrong,,Wrong,1,
Q219,,,Wrong,,Wrong,,Wrong,,Wrong,,Wrong,1,
Q220,,,Wrong,,Wrong,,Wrong,,Wrong,,Wrong,1,
Q221,,,Wrong,,Wrong,,Wrong,,Wrong,,Wrong,1,
Q222,,,Wrong,,Wrong,,Wrong,,Wrong,,Wrong,1,
Q223,,,Wrong,,Wrong,,Wrong,,Wrong,,Wrong,1,
Q224,,,Wrong,,Wrong,,Wrong,,Wrong,,Wrong,1,
Q225,,,Wrong,,Wrong,,Wrong,,Wrong,,Wrong,1,
Q226,,,Wrong,,Wrong,,Wrong,,Wrong,,Wrong,1,
Q227,,,Wrong,,Wrong,,Wrong,,Wrong,,Wrong,1,
Q228,,,Wrong,,Wrong,,Wrong,,Wrong,,Wrong,1,
Q229,,,Wrong,,Wrong,,Wrong,,Wrong,,Wrong,1,
Q230,,,Wrong,,Wrong,,Wrong,,Wrong,,Wrong,1,
Q231,,,Wrong,,Wrong,,Wrong,,Wrong,,Wrong,1,
Q232,,,Wrong,,Wrong,,Wrong,,Wrong,,Wrong,1,
Q233,,,Wrong,,Wrong,,Wrong,,Wrong,,Wrong,1,
Q234,,,Wrong,,Wrong,,Wrong,,Wrong,,Wrong,1,
Q235,,,Wrong,,Wrong,,Wrong,,Wrong,,Wrong,1,
Q236,,,Wrong,,Wrong,,Wrong,,Wrong,,Wrong,1,
Q237,,,Wrong,,Wrong,,Wrong,,Wrong,,Wrong,1,
Q238,,,Wrong,,Wrong,,Wrong,,Wrong,,Wrong,1,
Q239,,,Wrong,,Wrong,,Wrong,,Wrong,,Wrong,1,
Q240,,,Wrong,,Wrong,,Wrong,,Wrong,,Wrong,1,
Q241,,,Wrong,,Wrong,,Wrong,,Wrong,,Wrong,1,
Q242,,,Wrong,,Wrong,,Wrong,,Wrong,,Wrong,1,
Q243,,,Wrong,,Wrong,,Wrong,,Wrong,,Wrong,1,
Q244,,,Wrong,,Wrong,,Wrong,,Wrong,,Wrong,1,
Q245,,,Wrong,,Wrong,,Wrong,,Wrong,,Wrong,1,
Q246,,,Wrong,,Wrong,,Wrong,,Wrong,,Wrong,1,
Q247,,,Wrong,,Wrong,,Wrong,,Wrong,,Wrong,1,
Q248,,,Wrong,,Wrong,,Wrong,,Wrong,,Wrong,1,
Q249,,,Wrong,,Wrong,,Wrong,,Wrong,,Wrong,1,
Q250,,,Wrong,,Wrong,,Wrong,,Wrong,,Wrong,1,
Q251,,,Wrong,,Wrong,,Wrong,,Wrong,,Wrong,1,
Q252,,,Wrong,,Wrong,,Wrong,,Wrong,,Wrong,1,
Q253,,,Wrong,,Wrong,,Wrong,,Wrong,,Wrong,1,
Q254,,,Wrong,,Wrong,,Wrong,,Wrong,,Wrong,1,
Q255,,,Wrong,,Wrong,,Wrong,,Wrong,,Wrong,1,
Q256,,,Wrong,,Wrong,,Wrong,,Wrong,,Wrong,1,
Q257,,,Wrong,,Wrong,,Wrong,,Wrong,,Wrong,1,
Q258,,,Wrong,,Wrong,,Wrong,,Wrong,,Wrong,1,
Q259,,,Wrong,,Wrong,,Wrong,,Wrong,,Wrong,1,
Q260,,,Wrong,,Wrong,,Wrong,,Wrong,,Wrong,1,
Q261,,,Wrong,,Wrong,,Wrong,,Wrong,,Wrong,1,
Q262,,,Wrong,,Wrong,,Wrong,,Wrong,,Wrong,1,
Q263,,,Wrong,,Wrong,,Wrong,,Wrong,,Wrong,1,
Q264,,,Wrong,,Wrong,,Wrong,,Wrong,,Wrong,1,
Q265,,,Wrong,,Wrong,,Wrong,,Wrong,,Wrong,1,
Q266,,,Wrong,,Wrong,,Wrong,,Wrong,,Wrong,1,
Q267,,,Wrong,,Wrong,,Wrong,,Wrong,,Wrong,1,
Q268,,,Wrong,,Wrong,,Wrong,,Wrong,,Wrong,1,
Q269,,,Wrong,,Wrong,,Wrong,,Wrong,,Wrong,1,
Q270,,,Wrong,,Wrong,,Wrong,,Wrong,,Wrong,1,
Q271,,,Wrong,,Wrong,,Wrong,,Wrong,,Wrong,1,
Q272,,,Wrong,,Wrong,,Wrong,,Wrong,,Wrong,1,
Q273,,,Wrong,,Wrong,,Wrong,,Wrong,,Wrong,1,
Q274,,,Wrong,,Wrong,,Wrong,,Wrong,,Wrong,1,
Q275,,,Wrong,,Wrong,,Wrong,,Wrong,,Wrong,1,
Q276,,,Wrong,,Wrong,,Wrong,,Wrong,,Wrong,1,
Q277,,,Wrong,,Wrong,,Wrong,,Wrong,,Wrong,1,
Q278,,,Wrong,,Wrong,,Wrong,,Wrong,,Wrong,1,
Q279,,,Wrong,,Wrong,,Wrong,,Wrong,,Wrong,1,
Q280,,,Wrong,,Wrong,,Wrong,,Wrong,,Wrong,1,
Q281,,,Wrong,,Wrong,,Wrong,,Wrong,,Wrong,1,
Q282,,,Wrong,,Wrong,,Wrong,,Wrong,,Wrong,1,
Q283,,,Wrong,,Wrong,,Wrong,,Wrong,,Wrong,1,
Q284,,,Wrong,,Wrong,,Wrong,,Wrong,,Wrong,1,
Q285,,,Wrong,,Wrong,,Wrong,,Wrong,,Wrong,1,
Q286,,,Wrong,,Wrong,,Wrong,,Wrong,,Wrong,1,
Q287,,,Wrong,,Wrong,,Wrong,,Wrong,,Wrong,1,
Q288,,,Wrong,,Wrong,,Wrong,,Wrong,,Wrong,1,
Q289,,,Wrong,,Wrong,,Wrong,,Wrong,,Wrong,1,
Q290,,,Wrong,,Wrong,,Wrong,,Wrong,,Wrong,1,
Q291,,,Wrong,,Wrong,,Wrong,,Wrong,,Wrong,1,
Q292,,,Wrong,,Wrong,,Wrong,,Wrong,,Wrong,1,
Q293,,,Wrong,,Wrong,,Wrong,,Wrong,,Wrong,1,
Q294,,,Wrong,,Wrong,,Wrong,,Wrong,,Wrong,1,
Q295,,,Wrong,,Wrong,,Wrong,,Wrong,,Wrong,1,
Q296,,,Wrong,,Wrong,,Wrong,,Wrong,,Wrong,1,
Q297,,,Wrong,,Wrong,,Wrong,,Wrong,,Wrong,1,
Q298,,,Wrong,,Wrong,,Wrong,,Wrong,,Wrong,1,
Q299,,,Wrong,,Wrong,,Wrong,,Wrong,,Wrong,1,
Q300,,,Wrong,,Wrong,,Wrong,,Wrong,,Wrong,1,
Q301,,,Wrong,,Wrong,,Wrong,,Wrong,,Wrong,1,
Q302,,,Wrong,,Wrong,,Wrong,,Wrong,,Wrong,1,
Q303,,,Wrong,,Wrong,,Wrong,,Wrong,,Wrong,1,
Q304,,,Wrong,,Wrong,,Wrong,,Wrong,,Wrong,1,
Q305,,,Wrong,,Wrong,,Wrong,,Wrong,,Wrong,1,
Q306,,,Wrong,,Wrong,,Wrong,,Wrong,,Wrong,1,
Q307,,,Wrong,,Wrong,,Wrong,,Wrong,,Wrong,1,
Q308,,,Wrong,,Wrong,,Wrong,,Wrong,,Wrong,1,
Q309,,,Wrong,,Wrong,,Wrong,,Wrong,,Wrong,1,
Q310,,,Wrong,,Wrong,,Wrong,,Wrong,,Wrong,1,
Q311,,,Wrong,,Wrong,,Wrong,,Wrong,,Wrong,1,
Q312,,,Wrong,,Wrong,,Wrong,,Wrong,,Wrong,1,
Q313,,,Wrong,,Wrong,,Wrong,,Wrong,,Wrong,1,
Q314,,,Wrong,,Wrong,,Wrong,,Wrong,,Wrong,1,
Q315,,,Wrong,,Wrong,,Wrong,,Wrong,,Wrong,1,
Q316,,,Wrong,,Wrong,,Wrong,,Wrong,,Wrong,1,
Q317,,,Wrong,,Wrong,,Wrong,,Wrong,,Wrong,1,
Q318,,,Wrong,,Wrong,,Wrong,,Wrong,,Wrong,1,
Q319,,,Wrong,,Wrong,,Wrong,,Wrong,,Wrong,1,
Q320,,,Wrong,,Wrong,,Wrong,,Wrong,,Wrong,1,
Q321,,,Wrong,,Wrong,,Wrong,,Wrong,,Wrong,1,
Q322,,,Wrong,,Wrong,,Wrong,,Wrong,,Wrong,1,
Q323,,,Wrong,,Wrong,,Wrong,,Wrong,,Wrong,1,
Q324,,,Wrong,,Wrong,,Wrong,,Wrong,,Wrong,1,
Q325,,,Wrong,,Wrong,,Wrong,,Wrong,,Wrong,1,
Q326,,,Wrong,,Wrong,,Wrong,,Wrong,,Wrong,1,
Q327,,,Wrong,,Wrong,,Wrong,,Wrong,,Wrong,1,
Q328,,,Wrong,,Wrong,,Wrong,,Wrong,,Wrong,1,
Q329,,,Wrong,,Wrong,,Wrong,,Wrong,,Wrong,1,
Q330,,,Wrong,,Wrong,,Wrong,,Wrong,,Wrong,1,
Q331,,,Wrong,,Wrong,,Wrong,,Wrong,,Wrong,1,
Q332,,,Wrong,,Wrong,,Wrong,,Wrong,,Wrong,1,
Q333,,,Wrong,,Wrong,,Wrong,,Wrong,,Wrong,1,
Q334,,,Wrong,,Wrong,,Wrong,,Wrong,,Wrong,1,
Q335,,,Wrong,,Wrong,,Wrong,,Wrong,,Wrong,1,
Q336,,,Wrong,,Wrong,,Wrong,,Wrong,,Wrong,1,
Q337,,,Wrong,,Wrong,,Wrong,,Wrong,,Wrong,1,
Q338,,,Wrong,,Wrong,,Wrong,,Wrong,,Wrong,1,
Q339,,,Wrong,,Wrong,,Wrong,,Wrong,,Wrong,1,
Q340,,,Wrong,,Wrong,,Wrong,,Wrong,,Wrong,1,
Q341,,,Wrong,,Wrong,,Wrong,,Wrong,,Wrong,1,
Q342,,,Wrong,,Wrong,,Wrong,,Wrong,,Wrong,1,
Q343,,,Wrong,,Wrong,,Wrong,,Wrong,,Wrong,1,
Q344,,,Wrong,,Wrong,,Wrong,,Wrong,,Wrong,1,
Q345,,,Wrong,,Wrong,,Wrong,,Wrong,,Wrong,1,
Q346,,,Wrong,,Wrong,,Wrong,,Wrong,,Wrong,1,
Q347,,,Wrong,,Wrong,,Wrong,,Wrong,,Wrong,1,
Q348,,,Wrong,,Wrong,,Wrong,,Wrong,,Wrong,1,
Q349,,,Wrong,,Wrong,,Wrong,,Wrong,,Wrong,1,
Q350,,,Wrong,,Wrong,,Wrong,,Wrong,,Wrong,1,
Q351,,,Wrong,,Wrong,,Wrong,,Wrong,,Wrong,1,
Q352,,,Wrong,,Wrong,,Wrong,,Wrong,,Wrong,1,
Q353,,,Wrong,,Wrong,,Wrong,,Wrong,,Wrong,1,
Q354,,,Wrong,,Wrong,,Wrong,,Wrong,,Wrong,1,
Q355,,,Wrong,,Wrong,,Wrong,,Wrong,,Wrong,1,
Q356,,,Wrong,,Wrong,,Wrong,,Wrong,,Wrong,1,
Q357,,,Wrong,,Wrong,,Wrong,,Wrong,,Wrong,1,
Q358,,,Wrong,,Wrong,,Wrong,,Wrong,,Wrong,1,
Q359,,,Wrong,,Wrong,,Wrong,,Wrong,,Wrong,1,
Q360,,,Wrong,,Wrong,,Wrong,,Wrong,,Wrong,1,
Q361,,,Wrong,,Wrong,,Wrong,,Wrong,,Wrong,1,
Q362,,,Wrong,,Wrong,,Wrong,,Wrong,,Wrong,1,
Q363,,,Wrong,,Wrong,,Wrong,,Wrong,,Wrong,1,
Q364,,,Wrong,,Wrong,,Wrong,,Wrong,,Wrong,1,
Q365,,,Wrong,,Wrong,,Wrong,,Wrong,,Wrong,1,
Q366,,,Wrong,,Wrong,,Wrong,,Wrong,,Wrong,1,
Q367,,,Wrong,,Wrong,,Wrong,,Wrong,,Wrong,1,
Q368,,,Wrong,,Wrong,,Wrong,,Wrong,,Wrong,1,
Q369,,,Wrong,,Wrong,,Wrong,,Wrong,,Wrong,1,
Q370,,,Wrong,,Wrong,,Wrong,,Wrong,,Wrong,1,
Q371,,,Wrong,,Wrong,,Wrong,,Wrong,,Wrong,1,
Q372,,,Wrong,,Wrong,,Wrong,,Wrong,,Wrong,1,
Q373,,,Wrong,,Wrong,,Wrong,,Wrong,,Wrong,1,
Q374,,,Wrong,,Wrong,,Wrong,,Wrong,,Wrong,1,
Q375,,,Wrong,,Wrong,,Wrong,,Wrong,,Wrong,1,
Q376,,,Wrong,,Wrong,,Wrong,,Wrong,,Wrong,1,
Q377,,,Wrong,,Wrong,,Wrong,,Wrong,,Wrong,1,
Q378,,,Wrong,,Wrong,,Wrong,,Wrong,,Wrong,1,
Q379,,,Wrong,,Wrong,,Wrong,,Wrong,,Wrong,1,
Q380,,,Wrong,,Wrong,,Wrong,,Wrong,,Wrong,1,
Q381,,,Wrong,,Wrong,,Wrong,,Wrong,,Wrong,1,
Q382,,,Wrong,,Wrong,,Wrong,,Wrong,,Wrong,1,
Q383,,,Wrong,,Wrong,,Wrong,,Wrong,,Wrong,1,
Q384,,,Wrong,,Wrong,,Wrong,,Wrong,,Wrong,1,
Q385,,,Wrong,,Wrong,,Wrong,,Wrong,,Wrong,1,
Q386,,,Wrong,,Wrong,,Wrong,,Wrong,,Wrong,1,
Q387,,,Wrong,,Wrong,,Wrong,,Wrong,,Wrong,1,
Q388,,,Wrong,,Wrong,,Wrong,,Wrong,,Wrong,1,
Q389,,,Wrong,,Wrong,,Wrong,,Wrong,,Wrong,1,
Q390,,,Wrong,,Wrong,,Wrong,,Wrong,,Wrong,1,
Q391,,,Wrong,,Wrong,,Wrong,,Wrong,,Wrong,1,
Q392,,,Wrong,,Wrong,,Wrong,,Wrong,,Wrong,1,
Q393,,,Wrong,,Wrong,,Wrong,,Wrong,,Wrong,1,
Q394,,,Wrong,,Wrong,,Wrong,,Wrong,,Wrong,1,
Q395,,,Wrong,,Wrong,,Wrong,,Wrong,,Wrong,1,
Q396,,,Wrong,,Wrong,,Wrong,,Wrong,,Wrong,1,
Q397,,,Wrong,,Wrong,,Wrong,,Wrong,,Wrong,1,
Q398,,,Wrong,,Wrong,,Wrong,,Wrong,,Wrong,1,
Q399,,,Wrong,,Wrong,,Wrong,,Wrong,,Wrong,1,
Q400,,,Wrong,,Wrong,,Wrong,,Wrong,,Wrong,1,
Q401,,,Wrong,,Wrong,,Wrong,,Wrong,,Wrong,1,
Q402,,,Wrong,,Wrong,,Wrong,,Wrong,,Wrong,1,
Q403,,,Wrong,,Wrong,,Wrong,,Wrong,,Wrong,1,
Q404,,,Wrong,,Wrong,,Wrong,,Wrong,,Wrong,1,
Q405,,,Wrong,,Wrong,,Wrong,,Wrong,,Wrong,1,
Q406,,,Wrong,,Wrong,,Wrong,,Wrong,,Wrong,1,
Q407,,,Wrong,,Wrong,,Wrong,,Wrong,,Wrong,1,
Q408,,,Wrong,,Wrong,,Wrong,,Wrong,,Wrong,1,
Q409,,,Wrong,,Wrong,,Wrong,,Wrong,,Wrong,1,
Q410,,,Wrong,,Wrong,,Wrong,,Wrong,,Wrong,1,
Q411,,,Wrong,,Wrong,,Wrong,,Wrong,,Wrong,1,
Q412,,,Wrong,,Wrong,,Wrong,,Wrong,,Wrong,1,
Q413,,,Wrong,,Wrong,,Wrong,,Wrong,,Wrong,1,
Q414,,,Wrong,,Wrong,,Wrong,,Wrong,,Wrong,1,
Q415,,,Wrong,,Wrong,,Wrong,,Wrong,,Wrong,1,
Q416,,,Wrong,,Wrong,,Wrong,,Wrong,,Wrong,1,
Q417,,,Wrong,,Wrong,,Wrong,,Wrong,,Wrong,1,
Q418,,,Wrong,,Wrong,,Wrong,,Wrong,,Wrong,1,
Q419,,,Wrong,,Wrong,,Wrong,,Wrong,,Wrong,1,
Q420,,,Wrong,,Wrong,,Wrong,,Wrong,,Wrong,1,
Q421,,,Wrong,,Wrong,,Wrong,,Wrong,,Wrong,1,
Q422,,,Wrong,,Wrong,,Wrong,,Wrong,,Wrong,1,
Q423,,,Wrong,,Wrong,,Wrong,,Wrong,,Wrong,1,
Q424,,,Wrong,,Wrong,,Wrong,,Wrong,,Wrong,1,
Q425,,,Wrong,,Wrong,,Wrong,,Wrong,,Wrong,1,
Q426,,,Wrong,,Wrong,,Wrong,,Wrong,,Wrong,1,
Q427,,,Wrong,,Wrong,,Wrong,,Wrong,,Wrong,1,
Q428,,,Wrong,,Wrong,,Wrong,,Wrong,,Wrong,1,
Q429,,,Wrong,,Wrong,,Wrong,,Wrong,,Wrong,1,
Q430,,,Wrong,,Wrong,,Wrong,,Wrong,,Wrong,1,
Q431,,,Wrong,,Wrong,,Wrong,,Wrong,,Wrong,1,
Q432,,,Wrong,,Wrong,,Wrong,,Wrong,,Wrong,1,
Q433,,,Wrong,,Wrong,,Wrong,,Wrong,,Wrong,1,
Q434,,,Wrong,,Wrong,,Wrong,,Wrong,,Wrong,1,
Q435,,,Wrong,,Wrong,,Wrong,,Wrong,,Wrong,1,
Q436,,,Wrong,,Wrong,,Wrong,,Wrong,,Wrong,1,
Q437,,,Wrong,,Wrong,,Wrong,,Wrong,,Wrong,1,
Q438,,,Wrong,,Wrong,,Wrong,,Wrong,,Wrong,1,
Q439,,,Wrong,,Wrong,,Wrong,,Wrong,,Wrong,1,
Q440,,,Wrong,,Wrong,,Wrong,,Wrong,,Wrong,1,
Q441,,,Wrong,,Wrong,,Wrong,,Wrong,,Wrong,1,
Q442,,,Wrong,,Wrong,,Wrong,,Wrong,,Wrong,1,
Q443,,,Wrong,,Wrong,,Wrong,,Wrong,,Wrong,1,
Q444,,,Wrong,,Wrong,,Wrong,,Wrong,,Wrong,1,
Q445,,,Wrong,,Wrong,,Wrong,,Wrong,,Wrong,1,
Q446,,,Wrong,,Wrong,,Wrong,,Wrong,,Wrong,1,
Q447,,,Wrong,,Wrong,,Wrong,,Wrong,,Wrong,1,
Q448,,,Wrong,,Wrong,,Wrong,,Wrong,,Wrong,1,
Q449,,,Wrong,,Wrong,,Wrong,,Wrong,,Wrong,1,
Q450,,,Wrong,,Wrong,,Wrong,,Wrong,,Wrong,1,
Q451,,,Wrong,,Wrong,,Wrong,,Wrong,,Wrong,1,
Q452,,,Wrong,,Wrong,,Wrong,,Wrong,,Wrong,1,
Q453,,,Wrong,,Wrong,,Wrong,,Wrong,,Wrong,1,
Q454,,,Wrong,,Wrong,,Wrong,,Wrong,,Wrong,1,
Q455,,,Wrong,,Wrong,,Wrong,,Wrong,,Wrong,1,
Q456,,,Wrong,,Wrong,,Wrong,,Wrong,,Wrong,1,
Q457,,,Wrong,,Wrong,,Wrong,,Wrong,,Wrong,1,
Q458,,,Wrong,,Wrong,,Wrong,,Wrong,,Wrong,1,
Q459,,,Wrong,,Wrong,,Wrong,,Wrong,,Wrong,1,
Q460,,,Wrong,,Wrong,,Wrong,,Wrong,,Wrong,1,
Q461,,,Wrong,,Wrong,,Wrong,,Wrong,,Wrong,1,
Q462,,,Wrong,,Wrong,,Wrong,,Wrong,,Wrong,1,
Q463,,,Wrong,,Wrong,,Wrong,,Wrong,,Wrong,1,
Q464,,,Wrong,,Wrong,,Wrong,,Wrong,,Wrong,1,
Q465,,,Wrong,,Wrong,,Wrong,,Wrong,,Wrong,1,
Q466,,,Wrong,,Wrong,,Wrong,,Wrong,,Wrong,1,
Q467,,,Wrong,,Wrong,,Wrong,,Wrong,,Wrong,1,
Q468,,,Wrong,,Wrong,,Wrong,,Wrong,,Wrong,1,
Q469,,,Wrong,,Wrong,,Wrong,,Wrong,,Wrong,1,
Q470,,,Wrong,,Wrong,,Wrong,,Wrong,,Wrong,1,
Q471,,,Wrong,,Wrong,,Wrong,,Wrong,,Wrong,1,
Q472,,,Wrong,,Wrong,,Wrong,,Wrong,,Wrong,1,
Q473,,,Wrong,,Wrong,,Wrong,,Wrong,,Wrong,1,
Q474,,,Wrong,,Wrong,,Wrong,,Wrong,,Wrong,1,
Q475,,,Wrong,,Wrong,,Wrong,,Wrong,,Wrong,1,
Q476,,,Wrong,,Wrong,,Wrong,,Wrong,,Wrong,1,
Q477,,,Wrong,,Wrong,,Wrong,,Wrong,,Wrong,1,
Q478,,,Wrong,,Wrong,,Wrong,,Wrong,,Wrong,1,
Q479,,,Wrong,,Wrong,,Wrong,,Wrong,,Wrong,1,
Q480,,,Wrong,,Wrong,,Wrong,,Wrong,,Wrong,1,
Q481,,,Wrong,,Wrong,,Wrong,,Wrong,,Wrong,1,
Q482,,,Wrong,,Wrong,,Wrong,,Wrong,,Wrong,1,
Q483,,,Wrong,,Wrong,,Wrong,,Wrong,,Wrong,1,
Q484,,,Wrong,,Wrong,,Wrong,,Wrong,,Wrong,1,
Q485,,,Wrong,,Wrong,,Wrong,,Wrong,,Wrong,1,
Q486,,,Wrong,,Wrong,,Wrong,,Wrong,,Wrong,1,
Q487,,,Wrong,,Wrong,,Wrong,,Wrong,,Wrong,1,
Q488,,,Wrong,,Wrong,,Wrong,,Wrong,,Wrong,1,
Q489,,,Wrong,,Wrong,,Wrong,,Wrong,,Wrong,1,
Q490,,,Wrong,,Wrong,,Wrong,,Wrong,,Wrong,1,
Q491,,,Wrong,,Wrong,,Wrong,,Wrong,,Wrong,1,
Q492,,,Wrong,,Wrong,,Wrong,,Wrong,,Wrong,1,
Q493,,,Wrong,,Wrong,,Wrong,,Wrong,,Wrong,1,
Q494,,,Wrong,,Wrong,,Wrong,,Wrong,,Wrong,1,
Q495,,,Wrong,,Wrong,,Wrong,,Wrong,,Wrong,1,
Q496,,,Wrong,,Wrong,,Wrong,,Wrong,,Wrong,1,
Q497,,,Wrong,,Wrong,,Wrong,,Wrong,,Wrong,1,
Q498,,,Wrong,,Wrong,,Wrong,,Wrong,,Wrong,1,
Q499,,,Wrong,,Wrong,,Wrong,,Wrong,,Wrong,1,
Q500,,,Wrong,,Wrong,,Wrong,,Wrong,,Wrong,1,
Q501,,,Wrong,,Wrong,,Wrong,,Wrong,,Wrong,1,
Q502,,,Wrong,,Wrong,,Wrong,,Wrong,,Wrong,1,
Q503,,,Wrong,,Wrong,,Wrong,,Wrong,,Wrong,1,
Q504,,,Wrong,,Wrong,,Wrong,,Wrong,,Wrong,1,
Q505,,,Wrong,,Wrong,,Wrong,,Wrong,,Wrong,1,
Q506,,,Wrong,,Wrong,,Wrong,,Wrong,,Wrong,1,
Q507,,,Wrong,,Wrong,,Wrong,,Wrong,,Wrong,1,
Q508,,,Wrong,,Wrong,,Wrong,,Wrong,,Wrong,1,
Q509,,,Wrong,,Wrong,,Wrong,,Wrong,,Wrong,1,
Q510,,,Wrong,,Wrong,,Wrong,,Wrong,,Wrong,1,
Q511,,,Wrong,,Wrong,,Wrong,,Wrong,,Wrong,1,
Q512,,,Wrong,,Wrong,,Wrong,,Wrong,,Wrong,1,
Q513,,,Wrong,,Wrong,,Wrong,,Wrong,,Wrong,1,
Q514,,,Wrong,,Wrong,,Wrong,,Wrong,,Wrong,1,
Q515,,,Wrong,,Wrong,,Wrong,,Wrong,,Wrong,1,
Q516,,,Wrong,,Wrong,,Wrong,,Wrong,,Wrong,1,
Q517,,,Wrong,,Wrong,,Wrong,,Wrong,,Wrong,1,
Q518,,,Wrong,,Wrong,,Wrong,,Wrong,,Wrong,1,
Q519,,,Wrong,,Wrong,,Wrong,,Wrong,,Wrong,1,
Q520,,,Wrong,,Wrong,,Wrong,,Wrong,,Wrong,1,
Q521,,,Wrong,,Wrong,,Wrong,,Wrong,,Wrong,1,
Q522,,,Wrong,,Wrong,,Wrong,,Wrong,,Wrong,1,
Q523,,,Wrong,,Wrong,,Wrong,,Wrong,,Wrong,1,
Q524,,,Wrong,,Wrong,,Wrong,,Wrong,,Wrong,1,
Q525,,,Wrong,,Wrong,,Wrong,,Wrong,,Wrong,1,
Q526,,,Wrong,,Wrong,,Wrong,,Wrong,,Wrong,1,
Q527,,,Wrong,,Wrong,,Wrong,,Wrong,,Wrong,1,
Q528,,,Wrong,,Wrong,,Wrong,,Wrong,,Wrong,1,
Q529,,,Wrong,,Wrong,,Wrong,,Wrong,,Wrong,1,
Q530,,,Wrong,,Wrong,,Wrong,,Wrong,,Wrong,1,
Q531,,,Wrong,,Wrong,,Wrong,,Wrong,,Wrong,1,
Q532,,,Wrong,,Wrong,,Wrong,,Wrong,,Wrong,1,
Q533,,,Wrong,,Wrong,,Wrong,,Wrong,,Wrong,1,
Q534,,,Wrong,,Wrong,,Wrong,,Wrong,,Wrong,1,
Q535,,,Wrong,,Wrong,,Wrong,,Wrong,,Wrong,1,
Q536,,,Wrong,,Wrong,,Wrong,,Wrong,,Wrong,1,
Q537,,,Wrong,,Wrong,,Wrong,,Wrong,,Wrong,1,
Q538,,,Wrong,,Wrong,,Wrong,,Wrong,,Wrong,1,
Q539,,,Wrong,,Wrong,,Wrong,,Wrong,,Wrong,1,
Q540,,,Wrong,,Wrong,,Wrong,,Wrong,,Wrong,1,
Q541,,,Wrong,,Wrong,,Wrong,,Wrong,,Wrong,1,
Q542,,,Wrong,,Wrong,,Wrong,,Wrong,,Wrong,1,
Q543,,,Wrong,,Wrong,,Wrong,,Wrong,,Wrong,1,
Q544,,,Wrong,,Wrong,,Wrong,,Wrong,,Wrong,1,
Q545,,,Wrong,,Wrong,,Wrong,,Wrong,,Wrong,1,
Q546,,,Wrong,,Wrong,,Wrong,,Wrong,,Wrong,1,
Q547,,,Wrong,,Wrong,,Wrong,,Wrong,,Wrong,1,
Q548,,,Wrong,,Wrong,,Wrong,,Wrong,,Wrong,1,
Q549,,,Wrong,,Wrong,,Wrong,,Wrong,,Wrong,1,
Q550,,,Wrong,,Wrong,,Wrong,,Wrong,,Wrong,1,
Q551,,,Wrong,,Wrong,,Wrong,,Wrong,,Wrong,1,
Q552,,,Wrong,,Wrong,,Wrong,,Wrong,,Wrong,1,
Q553,,,Wrong,,Wrong,,Wrong,,Wrong,,Wrong,1,
Q554,,,Wrong,,Wrong,,Wrong,,Wrong,,Wrong,1,
Q555,,,Wrong,,Wrong,,Wrong,,Wrong,,Wrong,1,
Q556,,,Wrong,,Wrong,,Wrong,,Wrong,,Wrong,1,
Q557,,,Wrong,,Wrong,,Wrong,,Wrong,,Wrong,1,
Q558,,,Wrong,,Wrong,,Wrong,,Wrong,,Wrong,1,
Q559,,,Wrong,,Wrong,,Wrong,,Wrong,,Wrong,1,
Q560,,,Wrong,,Wrong,,Wrong,,Wrong,,Wrong,1,
Q561,,,Wrong,,Wrong,,Wrong,,Wrong,,Wrong,1,
Q562,,,Wrong,,Wrong,,Wrong,,Wrong,,Wrong,1,
Q563,,,Wrong,,Wrong,,Wrong,,Wrong,,Wrong,1,
Q564,,,Wrong,,Wrong,,Wrong,,Wrong,,Wrong,1,
Q565,,,Wrong,,Wrong,,Wrong,,Wrong,,Wrong,1,
Q566,,,Wrong,,Wrong,,Wrong,,Wrong,,Wrong,1,
Q567,,,Wrong,,Wrong,,Wrong,,Wrong,,Wrong,1,
Q568,,,Wrong,,Wrong,,Wrong,,Wrong,,Wrong,1,
Q569,,,Wrong,,Wrong,,Wrong,,Wrong,,Wrong,1,
Q570,,,Wrong,,Wrong,,Wrong,,Wrong,,Wrong,1,
Q571,,,Wrong,,Wrong,,Wrong,,Wrong,,Wrong,1,
Q572,,,Wrong,,Wrong,,Wrong,,Wrong,,Wrong,1,
Q573,,,Wrong,,Wrong,,Wrong,,Wrong,,Wrong,1,
Q574,,,Wrong,,Wrong,,Wrong,,Wrong,,Wrong,1,
Q575,,,Wrong,,Wrong,,Wrong,,Wrong,,Wrong,1,
Q576,,,Wrong,,Wrong,,Wrong,,Wrong,,Wrong,1,
Q577,,,Wrong,,Wrong,,Wrong,,Wrong,,Wrong,1,
Q578,,,Wrong,,Wrong,,Wrong,,Wrong,,Wrong,1,
Q579,,,Wrong,,Wrong,,Wrong,,Wrong,,Wrong,1,
Q580,,,Wrong,,Wrong,,Wrong,,Wrong,,Wrong,1,
Q581,,,Wrong,,Wrong,,Wrong,,Wrong,,Wrong,1,
Q582,,,Wrong,,Wrong,,Wrong,,Wrong,,Wrong,1,
Q583,,,Wrong,,Wrong,,Wrong,,Wrong,,Wrong,1,
Q584,,,Wrong,,Wrong,,Wrong,,Wrong,,Wrong,1,
Q585,,,Wrong,,Wrong,,Wrong,,Wrong,,Wrong,1,
Q586,,,Wrong,,Wrong,,Wrong,,Wrong,,Wrong,1,
Q587,,,Wrong,,Wrong,,Wrong,,Wrong,,Wrong,1,
Q588,,,Wrong,,Wrong,,Wrong,,Wrong,,Wrong,1,
Q589,,,Wrong,,Wrong,,Wrong,,Wrong,,Wrong,1,
Q590,,,Wrong,,Wrong,,Wrong,,Wrong,,Wrong,1,
Q591,,,Wrong,,Wrong,,Wrong,,Wrong,,Wrong,1,
Q592,,,Wrong,,Wrong,,Wrong,,Wrong,,Wrong,1,
Q593,,,Wrong,,Wrong,,Wrong,,Wrong,,Wrong,1,
Q594,,,Wrong,,Wrong,,Wrong,,Wrong,,Wrong,1,
Q595,,,Wrong,,Wrong,,Wrong,,Wrong,,Wrong,1,
Q596,,,Wrong,,Wrong,,Wrong,,Wrong,,Wrong,1,
Q597,,,Wrong,,Wrong,,Wrong,,Wrong,,Wrong,1,
Q598,,,Wrong,,Wrong,,Wrong,,Wrong,,Wrong,1,
Q599,,,Wrong,,Wrong,,Wrong,,Wrong,,Wrong,1,
Q600,,,Wrong,,Wrong,,Wrong,,Wrong,,Wrong,1,
Q601,,,Wrong,,Wrong,,Wrong,,Wrong,,Wrong,1,
Q602,,,Wrong,,Wrong,,Wrong,,Wrong,,Wrong,1,
Q603,,,Wrong,,Wrong,,Wrong,,Wrong,,Wrong,1,
Q604,,,Wrong,,Wrong,,Wrong,,Wrong,,Wrong,1,
Q605,,,Wrong,,Wrong,,Wrong,,Wrong,,Wrong,1,
Q606,,,Wrong,,Wrong,,Wrong,,Wrong,,Wrong,1,
Q607,,,Wrong,,Wrong,,Wrong,,Wrong,,Wrong,1,
Q608,,,Wrong,,Wrong,,Wrong,,Wrong,,Wrong,1,
Q609,,,Wrong,,Wrong,,Wrong,,Wrong,,Wrong,1,
Q610,,,Wrong,,Wrong,,Wrong,,Wrong,,Wrong,1,
Q611,,,Wrong,,Wrong,,Wrong,,Wrong,,Wrong,1,
Q612,,,Wrong,,Wrong,,Wrong,,Wrong,,Wrong,1,
Q613,,,Wrong,,Wrong,,Wrong,,Wrong,,Wrong,1,
Q614,,,Wrong,,Wrong,,Wrong,,Wrong,,Wrong,1,
Q615,,,Wrong,,Wrong,,Wrong,,Wrong,,Wrong,1,
Q616,,,Wrong,,Wrong,,Wrong,,Wrong,,Wrong,1,
Q617,,,Wrong,,Wrong,,Wrong,,Wrong,,Wrong,1,
Q618,,,Wrong,,Wrong,,Wrong,,Wrong,,Wrong,1,
Q619,,,Wrong,,Wrong,,Wrong,,Wrong,,Wrong,1,
Q620,,,Wrong,,Wrong,,Wrong,,Wrong,,Wrong,1,
Q621,,,Wrong,,Wrong,,Wrong,,Wrong,,Wrong,1,
Q622,,,Wrong,,Wrong,,Wrong,,Wrong,,Wrong,1,
Q623,,,Wrong,,Wrong,,Wrong,,Wrong,,Wrong,1,
Q624,,,Wrong,,Wrong,,Wrong,,Wrong,,Wrong,1,
Q625,,,Wrong,,Wrong,,Wrong,,Wrong,,Wrong,1,
Q626,,,Wrong,,Wrong,,Wrong,,Wrong,,Wrong,1,
Q627,,,Wrong,,Wrong,,Wrong,,Wrong,,Wrong,1,
Q628,,,Wrong,,Wrong,,Wrong,,Wrong,,Wrong,1,
Q629,,,Wrong,,Wrong,,Wrong,,Wrong,,Wrong,1,
Q630,,,Wrong,,Wrong,,Wrong,,Wrong,,Wrong,1,
Q631,,,Wrong,,Wrong,,Wrong,,Wrong,,Wrong,1,
Q632,,,Wrong,,Wrong,,Wrong,,Wrong,,Wrong,1,
Q633,,,Wrong,,Wrong,,Wrong,,Wrong,,Wrong,1,
Q634,,,Wrong,,Wrong,,Wrong,,Wrong,,Wrong,1,
Q635,,,Wrong,,Wrong,,Wrong,,Wrong,,Wrong,1,
Q636,,,Wrong,,Wrong,,Wrong,,Wrong,,Wrong,1,
Q637,,,Wrong,,Wrong,,Wrong,,Wrong,,Wrong,1,
Q638,,,Wrong,,Wrong,,Wrong,,Wrong,,Wrong,1,
Q639,,,Wrong,,Wrong,,Wrong,,Wrong,,Wrong,1,
Q640,,,Wrong,,Wrong,,Wrong,,Wrong,,Wrong,1,
Q641,,,Wrong,,Wrong,,Wrong,,Wrong,,Wrong,1,
Q642,,,Wrong,,Wrong,,Wrong,,Wrong,,Wrong,1,
Q643,,,Wrong,,Wrong,,Wrong,,Wrong,,Wrong,1,
Q644,,,Wrong,,Wrong,,Wrong,,Wrong,,Wrong,1,
Q645,,,Wrong,,Wrong,,Wrong,,Wrong,,Wrong,1,
Q646,,,Wrong,,Wrong,,Wrong,,Wrong,,Wrong,1,
Q647,,,Wrong,,Wrong,,Wrong,,Wrong,,Wrong,1,
Q648,,,Wrong,,Wrong,,Wrong,,Wrong,,Wrong,1,
Q649,,,Wrong,,Wrong,,Wrong,,Wrong,,Wrong,1,
Q650,,,Wrong,,Wrong,,Wrong,,Wrong,,Wrong,1,
Q651,,,Wrong,,Wrong,,Wrong,,Wrong,,Wrong,1,
Q652,,,Wrong,,Wrong,,Wrong,,Wrong,,Wrong,1,
Q653,,,Wrong,,Wrong,,Wrong,,Wrong,,Wrong,1,
Q654,,,Wrong,,Wrong,,Wrong,,Wrong,,Wrong,1,
Q655,,,Wrong,,Wrong,,Wrong,,Wrong,,Wrong,1,
Q656,,,Wrong,,Wrong,,Wrong,,Wrong,,Wrong,1,
Q657,,,Wrong,,Wrong,,Wrong,,Wrong,,Wrong,1,
Q658,,,Wrong,,Wrong,,Wrong,,Wrong,,Wrong,1,
Q659,,,Wrong,,Wrong,,Wrong,,Wrong,,Wrong,1,
Q660,,,Wrong,,Wrong,,Wrong,,Wrong,,Wrong,1,
Q661,,,Wrong,,Wrong,,Wrong,,Wrong,,Wrong,1,
Q662,,,Wrong,,Wrong,,Wrong,,Wrong,,Wrong,1,
Q663,,,Wrong,,Wrong,,Wrong,,Wrong,,Wrong,1,
Q664,,,Wrong,,Wrong,,Wrong,,Wrong,,Wrong,1,
Q665,,,Wrong,,Wrong,,Wrong,,Wrong,,Wrong,1,
Q666,,,Wrong,,Wrong,,Wrong,,Wrong,,Wrong,1,
Q667,,,Wrong,,Wrong,,Wrong,,Wrong,,Wrong,1,
Q668,,,Wrong,,Wrong,,Wrong,,Wrong,,Wrong,1,
Q669,,,Wrong,,Wrong,,Wrong,,Wrong,,Wrong,1,
Q670,,,Wrong,,Wrong,,Wrong,,Wrong,,Wrong,1,
Q671,,,Wrong,,Wrong,,Wrong,,Wrong,,Wrong,1,
Q672,,,Wrong,,Wrong,,Wrong,,Wrong,,Wrong,1,
Q673,,,Wrong,,Wrong,,Wrong,,Wrong,,Wrong,1,
Q674,,,Wrong,,Wrong,,Wrong,,Wrong,,Wrong,1,
Q675,,,Wrong,,Wrong,,Wrong,,Wrong,,Wrong,1,
Q676,,,Wrong,,Wrong,,Wrong,,Wrong,,Wrong,1,
Q677,,,Wrong,,Wrong,,Wrong,,Wrong,,Wrong,1,
Q678,,,Wrong,,Wrong,,Wrong,,Wrong,,Wrong,1,
Q679,,,Wrong,,Wrong,,Wrong,,Wrong,,Wrong,1,
Q680,,,Wrong,,Wrong,,Wrong,,Wrong,,Wrong,1,
Q681,,,Wrong,,Wrong,,Wrong,,Wrong,,Wrong,1,
Q682,,,Wrong,,Wrong,,Wrong,,Wrong,,Wrong,1,
Q683,,,Wrong,,Wrong,,Wrong,,Wrong,,Wrong,1,
Q684,,,Wrong,,Wrong,,Wrong,,Wrong,,Wrong,1,
Q685,,,Wrong,,Wrong,,Wrong,,Wrong,,Wrong,1,
Q686,,,Wrong,,Wrong,,Wrong,,Wrong,,Wrong,1,
Q687,,,Wrong,,Wrong,,Wrong,,Wrong,,Wrong,1,
Q688,,,Wrong,,Wrong,,Wrong,,Wrong,,Wrong,1,
Q689,,,Wrong,,Wrong,,Wrong,,Wrong,,Wrong,1,
Q690,,,Wrong,,Wrong,,Wrong,,Wrong,,Wrong,1,
Q691,,,Wrong,,Wrong,,Wrong,,Wrong,,Wrong,1,
Q692,,,Wrong,,Wrong,,Wrong,,Wrong,,Wrong,1,
Q693,,,Wrong,,Wrong,,Wrong,,Wrong,,Wrong,1,
Q694,,,Wrong,,Wrong,,Wrong,,Wrong,,Wrong,1,
Q695,,,Wrong,,Wrong,,Wrong,,Wrong,,Wrong,1,
Q696,,,Wrong,,Wrong,,Wrong,,Wrong,,Wrong,1,
Q697,,,Wrong,,Wrong,,Wrong,,Wrong,,Wrong,1,
Q698,,,Wrong,,Wrong,,Wrong,,Wrong,,Wrong,1,
Q699,,,Wrong,,Wrong,,Wrong,,Wrong,,Wrong,1,
Q700,,,Wrong,,Wrong,,Wrong,,Wrong,,Wrong,1,
Q701,,,Wrong,,Wrong,,Wrong,,Wrong,,Wrong,1,
Q702,,,Wrong,,Wrong,,Wrong,,Wrong,,Wrong,1,
Q703,,,Wrong,,Wrong,,Wrong,,Wrong,,Wrong,1,
Q704,,,Wrong,,Wrong,,Wrong,,Wrong,,Wrong,1,
Q705,,,Wrong,,Wrong,,Wrong,,Wrong,,Wrong,1,
Q706,,,Wrong,,Wrong,,Wrong,,Wrong,,Wrong,1,
Q707,,,Wrong,,Wrong,,Wrong,,Wrong,,Wrong,1,
Q708,,,Wrong,,Wrong,,Wrong,,Wrong,,Wrong,1,
Q709,,,Wrong,,Wrong,,Wrong,,Wrong,,Wrong,1,
Q710,,,Wrong,,Wrong,,Wrong,,Wrong,,Wrong,1,
Q711,,,Wrong,,Wrong,,Wrong,,Wrong,,Wrong,1,
Q712,,,Wrong,,Wrong,,Wrong,,Wrong,,Wrong,1,
Q713,,,Wrong,,Wrong,,Wrong,,Wrong,,Wrong,1,
Q714,,,Wrong,,Wrong,,Wrong,,Wrong,,Wrong,1,
Q715,,,Wrong,,Wrong,,Wrong,,Wrong,,Wrong,1,
Q716,,,Wrong,,Wrong,,Wrong,,Wrong,,Wrong,1,
Q717,,,Wrong,,Wrong,,Wrong,,Wrong,,Wrong,1,
Q718,,,Wrong,,Wrong,,Wrong,,Wrong,,Wrong,1,
Q719,,,Wrong,,Wrong,,Wrong,,Wrong,,Wrong,1,
Q720,,,Wrong,,Wrong,,Wrong,,Wrong,,Wrong,1,
Q721,,,Wrong,,Wrong,,Wrong,,Wrong,,Wrong,1,
Q722,,,Wrong,,Wrong,,Wrong,,Wrong,,Wrong,1,
Q723,,,Wrong,,Wrong,,Wrong,,Wrong,,Wrong,1,
Q724,,,Wrong,,Wrong,,Wrong,,Wrong,,Wrong,1,
Q725,,,Wrong,,Wrong,,Wrong,,Wrong,,Wrong,1,
Q726,,,Wrong,,Wrong,,Wrong,,Wrong,,Wrong,1,
Q727,,,Wrong,,Wrong,,Wrong,,Wrong,,Wrong,1,
Q728,,,Wrong,,Wrong,,Wrong,,Wrong,,Wrong,1,
Q729,,,Wrong,,Wrong,,Wrong,,Wrong,,Wrong,1,
Q730,,,Wrong,,Wrong,,Wrong,,Wrong,,Wrong,1,
Q731,,,Wrong,,Wrong,,Wrong,,Wrong,,Wrong,1,
Q732,,,Wrong,,Wrong,,Wrong,,Wrong,,Wrong,1,
Q733,,,Wrong,,Wrong,,Wrong,,Wrong,,Wrong,1,
Q734,,,Wrong,,Wrong,,Wrong,,Wrong,,Wrong,1,
Q735,,,Wrong,,Wrong,,Wrong,,Wrong,,Wrong,1,
Q736,,,Wrong,,Wrong,,Wrong,,Wrong,,Wrong,1,
Q737,,,Wrong,,Wrong,,Wrong,,Wrong,,Wrong,1,
Q738,,,Wrong,,Wrong,,Wrong,,Wrong,,Wrong,1,
Q739,,,Wrong,,Wrong,,Wrong,,Wrong,,Wrong,1,
Q740,,,Wrong,,Wrong,,Wrong,,Wrong,,Wrong,1,
Q741,,,Wrong,,Wrong,,Wrong,,Wrong,,Wrong,1,
Q742,,,Wrong,,Wrong,,Wrong,,Wrong,,Wrong,1,
Q743,,,Wrong,,Wrong,,Wrong,,Wrong,,Wrong,1,
Q744,,,Wrong,,Wrong,,Wrong,,Wrong,,Wrong,1,
Q745,,,Wrong,,Wrong,,Wrong,,Wrong,,Wrong,1,
Q746,,,Wrong,,Wrong,,Wrong,,Wrong,,Wrong,1,
Q747,,,Wrong,,Wrong,,Wrong,,Wrong,,Wrong,1,
Q748,,,Wrong,,Wrong,,Wrong,,Wrong,,Wrong,1,
Q749,,,Wrong,,Wrong,,Wrong,,Wrong,,Wrong,1,
Q750,,,Wrong,,Wrong,,Wrong,,Wrong,,Wrong,1,
Q751,,,Wrong,,Wrong,,Wrong,,Wrong,,Wrong,1,
Q752,,,Wrong,,Wrong,,Wrong,,Wrong,,Wrong,1,
Q753,,,Wrong,,Wrong,,Wrong,,Wrong,,Wrong,1,
Q754,,,Wrong,,Wrong,,Wrong,,Wrong,,Wrong,1,
Q755,,,Wrong,,Wrong,,Wrong,,Wrong,,Wrong,1,
Q756,,,Wrong,,Wrong,,Wrong,,Wrong,,Wrong,1,
Q757,,,Wrong,,Wrong,,Wrong,,Wrong,,Wrong,1,
Q758,,,Wrong,,Wrong,,Wrong,,Wrong,,Wrong,1,
Q759,,,Wrong,,Wrong,,Wrong,,Wrong,,Wrong,1,
Q760,,,Wrong,,Wrong,,Wrong,,Wrong,,Wrong,1,
Q761,,,Wrong,,Wrong,,Wrong,,Wrong,,Wrong,1,
Q762,,,Wrong,,Wrong,,Wrong,,Wrong,,Wrong,1,
Q763,,,Wrong,,Wrong,,Wrong,,Wrong,,Wrong,1,
Q764,,,Wrong,,Wrong,,Wrong,,Wrong,,Wrong,1,
Q765,,,Wrong,,Wrong,,Wrong,,Wrong,,Wrong,1,
Q766,,,Wrong,,Wrong,,Wrong,,Wrong,,Wrong,1,
Q767,,,Wrong,,Wrong,,Wrong,,Wrong,,Wrong,1,
Q768,,,Wrong,,Wrong,,Wrong,,Wrong,,Wrong,1,
Q769,,,Wrong,,Wrong,,Wrong,,Wrong,,Wrong,1,
Q770,,,Wrong,,Wrong,,Wrong,,Wrong,,Wrong,1,
Q771,,,Wrong,,Wrong,,Wrong,,Wrong,,Wrong,1,
Q772,,,Wrong,,Wrong,,Wrong,,Wrong,,Wrong,1,
Q773,,,Wrong,,Wrong,,Wrong,,Wrong,,Wrong,1,
Q774,,,Wrong,,Wrong,,Wrong,,Wrong,,Wrong,1,
Q775,,,Wrong,,Wrong,,Wrong,,Wrong,,Wrong,1,
Q776,,,Wrong,,Wrong,,Wrong,,Wrong,,Wrong,1,
Q777,,,Wrong,,Wrong,,Wrong,,Wrong,,Wrong,1,
Q778,,,Wrong,,Wrong,,Wrong,,Wrong,,Wrong,1,
Q779,,,Wrong,,Wrong,,Wrong,,Wrong,,Wrong,1,
Q780,,,Wrong,,Wrong,,Wrong,,Wrong,,Wrong,1,
Q781,,,Wrong,,Wrong,,Wrong,,Wrong,,Wrong,1,
Q782,,,Wrong,,Wrong,,Wrong,,Wrong,,Wrong,1,
Q783,,,Wrong,,Wrong,,Wrong,,Wrong,,Wrong,1,
Q784,,,Wrong,,Wrong,,Wrong,,Wrong,,Wrong,1,
Q785,,,Wrong,,Wrong,,Wrong,,Wrong,,Wrong,1,
Q786,,,Wrong,,Wrong,,Wrong,,Wrong,,Wrong,1,
Q787,,,Wrong,,Wrong,,Wrong,,Wrong,,Wrong,1,
Q788,,,Wrong,,Wrong,,Wrong,,Wrong,,Wrong,1,
Q789,,,Wrong,,Wrong,,Wrong,,Wrong,,Wrong,1,
Q790,,,Wrong,,Wrong,,Wrong,,Wrong,,Wrong,1,
Q791,,,Wrong,,Wrong,,Wrong,,Wrong,,Wrong,1,
Q792,,,Wrong,,Wrong,,Wrong,,Wrong,,Wrong,1,
Q793,,,Wrong,,Wrong,,Wrong,,Wrong,,Wrong,1,
Q794,,,Wrong,,Wrong,,Wrong,,Wrong,,Wrong,1,
Q795,,,Wrong,,Wrong,,Wrong,,Wrong,,Wrong,1,
Q796,,,Wrong,,Wrong,,Wrong,,Wrong,,Wrong,1,
Q797,,,Wrong,,Wrong,,Wrong,,Wrong,,Wrong,1,
Q798,,,Wrong,,Wrong,,Wrong,,Wrong,,Wrong,1,
Q799,,,Wrong,,Wrong,,Wrong,,Wrong,,Wrong,1,
Q800,,,Wrong,,Wrong,,Wrong,,Wrong,,Wrong,1,
Q801,,,Wrong,,Wrong,,Wrong,,Wrong,,Wrong,1,
Q802,,,Wrong,,Wrong,,Wrong,,Wrong,,Wrong,1,
Q803,,,Wrong,,Wrong,,Wrong,,Wrong,,Wrong,1,
Q804,,,Wrong,,Wrong,,Wrong,,Wrong,,Wrong,1,
Q805,,,Wrong,,Wrong,,Wrong,,Wrong,,Wrong,1,
Q806,,,Wrong,,Wrong,,Wrong,,Wrong,,Wrong,1,
Q807,,,Wrong,,Wrong,,Wrong,,Wrong,,Wrong,1,
Q808,,,Wrong,,Wrong,,Wrong,,Wrong,,Wrong,1,
Q809,,,Wrong,,Wrong,,Wrong,,Wrong,,Wrong,1,
Q810,,,Wrong,,Wrong,,Wrong,,Wrong,,Wrong,1,
Q811,,,Wrong,,Wrong,,Wrong,,Wrong,,Wrong,1,
Q812,,,Wrong,,Wrong,,Wrong,,Wrong,,Wrong,1,
Q813,,,Wrong,,Wrong,,Wrong,,Wrong,,Wrong,1,
Q814,,,Wrong,,Wrong,,Wrong,,Wrong,,Wrong,1,
Q815,,,Wrong,,Wrong,,Wrong,,Wrong,,Wrong,1,
Q816,,,Wrong,,Wrong,,Wrong,,Wrong,,Wrong,1,
Q817,,,Wrong,,Wrong,,Wrong,,Wrong,,Wrong,1,
Q818,,,Wrong,,Wrong,,Wrong,,Wrong,,Wrong,1,
Q819,,,Wrong,,Wrong,,Wrong,,Wrong,,Wrong,1,
Q820,,,Wrong,,Wrong,,Wrong,,Wrong,,Wrong,1,
Q821,,,Wrong,,Wrong,,Wrong,,Wrong,,Wrong,1,
Q822,,,Wrong,,Wrong,,Wrong,,Wrong,,Wrong,1,
Q823,,,Wrong,,Wrong,,Wrong,,Wrong,,Wrong,1,
Q824,,,Wrong,,Wrong,,Wrong,,Wrong,,Wrong,1,
Q825,,,Wrong,,Wrong,,Wrong,,Wrong,,Wrong,1,
Q826,,,Wrong,,Wrong,,Wrong,,Wrong,,Wrong,1,
Q827,,,Wrong,,Wrong,,Wrong,,Wrong,,Wrong,1,
Q828,,,Wrong,,Wrong,,Wrong,,Wrong,,Wrong,1,
Q829,,,Wrong,,Wrong,,Wrong,,Wrong,,Wrong,1,
Q830,,,Wrong,,Wrong,,Wrong,,Wrong,,Wrong,1,
Q831,,,Wrong,,Wrong,,Wrong,,Wrong,,Wrong,1,
Q832,,,Wrong,,Wrong,,Wrong,,Wrong,,Wrong,1,
Q833,,,Wrong,,Wrong,,Wrong,,Wrong,,Wrong,1,
Q834,,,Wrong,,Wrong,,Wrong,,Wrong,,Wrong,1,
Q835,,,Wrong,,Wrong,,Wrong,,Wrong,,Wrong,1,
Q836,,,Wrong,,Wrong,,Wrong,,Wrong,,Wrong,1,
Q837,,,Wrong,,Wrong,,Wrong,,Wrong,,Wrong,1,
Q838,,,Wrong,,Wrong,,Wrong,,Wrong,,Wrong,1,
Q839,,,Wrong,,Wrong,,Wrong,,Wrong,,Wrong,1,
Q840,,,Wrong,,Wrong,,Wrong,,Wrong,,Wrong,1,
Q841,,,Wrong,,Wrong,,Wrong,,Wrong,,Wrong,1,
Q842,,,Wrong,,Wrong,,Wrong,,Wrong,,Wrong,1,
Q843,,,Wrong,,Wrong,,Wrong,,Wrong,,Wrong,1,
Q844,,,Wrong,,Wrong,,Wrong,,Wrong,,Wrong,1,
Q845,,,Wrong,,Wrong,,Wrong,,Wrong,,Wrong,1,
Q846,,,Wrong,,Wrong,,Wrong,,Wrong,,Wrong,1,
Q847,,,Wrong,,Wrong,,Wrong,,Wrong,,Wrong,1,
Q848,,,Wrong,,Wrong,,Wrong,,Wrong,,Wrong,1,
Q849,,,Wrong,,Wrong,,Wrong,,Wrong,,Wrong,1,
Q850,,,Wrong,,Wrong,,Wrong,,Wrong,,Wrong,1,
Q851,,,Wrong,,Wrong,,Wrong,,Wrong,,Wrong,1,
Q852,,,Wrong,,Wrong,,Wrong,,Wrong,,Wrong,1,
Q853,,,Wrong,,Wrong,,Wrong,,Wrong,,Wrong,1,
Q854,,,Wrong,,Wrong,,Wrong,,Wrong,,Wrong,1,
Q855,,,Wrong,,Wrong,,Wrong,,Wrong,,Wrong,1,
Q856,,,Wrong,,Wrong,,Wrong,,Wrong,,Wrong,1,
Q857,,,Wrong,,Wrong,,Wrong,,Wrong,,Wrong,1,
Q858,,,Wrong,,Wrong,,Wrong,,Wrong,,Wrong,1,
Q859,,,Wrong,,Wrong,,Wrong,,Wrong,,Wrong,1,
Q860,,,Wrong,,Wrong,,Wrong,,Wrong,,Wrong,1,
Q861,,,Wrong,,Wrong,,Wrong,,Wrong,,Wrong,1,
Q862,,,Wrong,,Wrong,,Wrong,,Wrong,,Wrong,1,
Q863,,,Wrong,,Wrong,,Wrong,,Wrong,,Wrong,1,
Q864,,,Wrong,,Wrong,,Wrong,,Wrong,,Wrong,1,
Q865,,,Wrong,,Wrong,,Wrong,,Wrong,,Wrong,1,
Q866,,,Wrong,,Wrong,,Wrong,,Wrong,,Wrong,1,
Q867,,,Wrong,,Wrong,,Wrong,,Wrong,,Wrong,1,
Q868,,,Wrong,,Wrong,,Wrong,,Wrong,,Wrong,1,
Q869,,,Wrong,,Wrong,,Wrong,,Wrong,,Wrong,1,
Q870,,,Wrong,,Wrong,,Wrong,,Wrong,,Wrong,1,
Q871,,,Wrong,,Wrong,,Wrong,,Wrong,,Wrong,1,
Q872,,,Wrong,,Wrong,,Wrong,,Wrong,,Wrong,1,
Q873,,,Wrong,,Wrong,,Wrong,,Wrong,,Wrong,1,
Q874,,,Wrong,,Wrong,,Wrong,,Wrong,,Wrong,1,
Q875,,,Wrong,,Wrong,,Wrong,,Wrong,,Wrong,1,
Q876,,,Wrong,,Wrong,,Wrong,,Wrong,,Wrong,1,
Q877,,,Wrong,,Wrong,,Wrong,,Wrong,,Wrong,1,
Q878,,,Wrong,,Wrong,,Wrong,,Wrong,,Wrong,1,
Q879,,,Wrong,,Wrong,,Wrong,,Wrong,,Wrong,1,
Q880,,,Wrong,,Wrong,,Wrong,,Wrong,,Wrong,1,
Q881,,,Wrong,,Wrong,,Wrong,,Wrong,,Wrong,1,
Q882,,,Wrong,,Wrong,,Wrong,,Wrong,,Wrong,1,
Q883,,,Wrong,,Wrong,,Wrong,,Wrong,,Wrong,1,
Q884,,,Wrong,,Wrong,,Wrong,,Wrong,,Wrong,1,
Q885,,,Wrong,,Wrong,,Wrong,,Wrong,,Wrong,1,
Q886,,,Wrong,,Wrong,,Wrong,,Wrong,,Wrong,1,
Q887,,,Wrong,,Wrong,,Wrong,,Wrong,,Wrong,1,
Q888,,,Wrong,,Wrong,,Wrong,,Wrong,,Wrong,1,
Q889,,,Wrong,,Wrong,,Wrong,,Wrong,,Wrong,1,
Q890,,,Wrong,,Wrong,,Wrong,,Wrong,,Wrong,1,
Q891,,,Wrong,,Wrong,,Wrong,,Wrong,,Wrong,1,
Q892,,,Wrong,,Wrong,,Wrong,,Wrong,,Wrong,1,
Q893,,,Wrong,,Wrong,,Wrong,,Wrong,,Wrong,1,
Q894,,,Wrong,,Wrong,,Wrong,,Wrong,,Wrong,1,
Q895,,,Wrong,,Wrong,,Wrong,,Wrong,,Wrong,1,
Q896,,,Wrong,,Wrong,,Wrong,,Wrong,,Wrong,1,
Q897,,,Wrong,,Wrong,,Wrong,,Wrong,,Wrong,1,
Q898,,,Wrong,,Wrong,,Wrong,,Wrong,,Wrong,1,
Q899,,,Wrong,,Wrong,,Wrong,,Wrong,,Wrong,1,
Q900,,,Wrong,,Wrong,,Wrong,,Wrong,,Wrong,1,
Q901,,,Wrong,,Wrong,,Wrong,,Wrong,,Wrong,1,
Q902,,,Wrong,,Wrong,,Wrong,,Wrong,,Wrong,1,
Q903,,,Wrong,,Wrong,,Wrong,,Wrong,,Wrong,1,
Q904,,,Wrong,,Wrong,,Wrong,,Wrong,,Wrong,1,
Q905,,,Wrong,,Wrong,,Wrong,,Wrong,,Wrong,1,
Q906,,,Wrong,,Wrong,,Wrong,,Wrong,,Wrong,1,
Q907,,,Wrong,,Wrong,,Wrong,,Wrong,,Wrong,1,
Q908,,,Wrong,,Wrong,,Wrong,,Wrong,,Wrong,1,
Q909,,,Wrong,,Wrong,,Wrong,,Wrong,,Wrong,1,
Q910,,,Wrong,,Wrong,,Wrong,,Wrong,,Wrong,1,
Q911,,,Wrong,,Wrong,,Wrong,,Wrong,,Wrong,1,
Q912,,,Wrong,,Wrong,,Wrong,,Wrong,,Wrong,1,
Q913,,,Wrong,,Wrong,,Wrong,,Wrong,,Wrong,1,
Q914,,,Wrong,,Wrong,,Wrong,,Wrong,,Wrong,1,
Q915,,,Wrong,,Wrong,,Wrong,,Wrong,,Wrong,1,
Q916,,,Wrong,,Wrong,,Wrong,,Wrong,,Wrong,1,
Q917,,,Wrong,,Wrong,,Wrong,,Wrong,,Wrong,1,
Q918,,,Wrong,,Wrong,,Wrong,,Wrong,,Wrong,1,
Q919,,,Wrong,,Wrong,,Wrong,,Wrong,,Wrong,1,
Q920,,,Wrong,,Wrong,,Wrong,,Wrong,,Wrong,1,
Q921,,,Wrong,,Wrong,,Wrong,,Wrong,,Wrong,1,
Q922,,,Wrong,,Wrong,,Wrong,,Wrong,,Wrong,1,
Q923,,,Wrong,,Wrong,,Wrong,,Wrong,,Wrong,1,
Q924,,,Wrong,,Wrong,,Wrong,,Wrong,,Wrong,1,
Q925,,,Wrong,,Wrong,,Wrong,,Wrong,,Wrong,1,
Q926,,,Wrong,,Wrong,,Wrong,,Wrong,,Wrong,1,
Q927,,,Wrong,,Wrong,,Wrong,,Wrong,,Wrong,1,
Q928,,,Wrong,,Wrong,,Wrong,,Wrong,,Wrong,1,
Q929,,,Wrong,,Wrong,,Wrong,,Wrong,,Wrong,1,
Q930,,,Wrong,,Wrong,,Wrong,,Wrong,,Wrong,1,
Q931,,,Wrong,,Wrong,,Wrong,,Wrong,,Wrong,1,
Q932,,,Wrong,,Wrong,,Wrong,,Wrong,,Wrong,1,
Q933,,,Wrong,,Wrong,,Wrong,,Wrong,,Wrong,1,
Q934,,,Wrong,,Wrong,,Wrong,,Wrong,,Wrong,1,
Q935,,,Wrong,,Wrong,,Wrong,,Wrong,,Wrong,1,
Q936,,,Wrong,,Wrong,,Wrong,,Wrong,,Wrong,1,
Q937,,,Wrong,,Wrong,,Wrong,,Wrong,,Wrong,1,
Q938,,,Wrong,,Wrong,,Wrong,,Wrong,,Wrong,1,
Q939,,,Wrong,,Wrong,,Wrong,,Wrong,,Wrong,1,
Q940,,,Wrong,,Wrong,,Wrong,,Wrong,,Wrong,1,
Q941,,,Wrong,,Wrong,,Wrong,,Wrong,,Wrong,1,
Q942,,,Wrong,,Wrong,,Wrong,,Wrong,,Wrong,1,
Q943,,,Wrong,,Wrong,,Wrong,,Wrong,,Wrong,1,
Q944,,,Wrong,,Wrong,,Wrong,,Wrong,,Wrong,1,
Q945,,,Wrong,,Wrong,,Wrong,,Wrong,,Wrong,1,
Q946,,,Wrong,,Wrong,,Wrong,,Wrong,,Wrong,1,
Q947,,,Wrong,,Wrong,,Wrong,,Wrong,,Wrong,1,
Q948,,,Wrong,,Wrong,,Wrong,,Wrong,,Wrong,1,
Q949,,,Wrong,,Wrong,,Wrong,,Wrong,,Wrong,1,
Q950,,,Wrong,,Wrong,,Wrong,,Wrong,,Wrong,1,
Q951,,,Wrong,,Wrong,,Wrong,,Wrong,,Wrong,1,
Q952,,,Wrong,,Wrong,,Wrong,,Wrong,,Wrong,1,
Q953,,,Wrong,,Wrong,,Wrong,,Wrong,,Wrong,1,
Q954,,,Wrong,,Wrong,,Wrong,,Wrong,,Wrong,1,
Q955,,,Wrong,,Wrong,,Wrong,,Wrong,,Wrong,1,
Q956,,,Wrong,,Wrong,,Wrong,,Wrong,,Wrong,1,
Q957,,,Wrong,,Wrong,,Wrong,,Wrong,,Wrong,1,
Q958,,,Wrong,,Wrong,,Wrong,,Wrong,,Wrong,1,
Q959,,,Wrong,,Wrong,,Wrong,,Wrong,,Wrong,1,
Q960,,,Wrong,,Wrong,,Wrong,,Wrong,,Wrong,1,
Q961,,,Wrong,,Wrong,,Wrong,,Wrong,,Wrong,1,
Q962,,,Wrong,,Wrong,,Wrong,,Wrong,,Wrong,1,
Q963,,,Wrong,,Wrong,,Wrong,,Wrong,,Wrong,1,
Q964,,,Wrong,,Wrong,,Wrong,,Wrong,,Wrong,1,
Q965,,,Wrong,,Wrong,,Wrong,,Wrong,,Wrong,1,
Q966,,,Wrong,,Wrong,,Wrong,,Wrong,,Wrong,1,
Q967,,,Wrong,,Wrong,,Wrong,,Wrong,,Wrong,1,
Q968,,,Wrong,,Wrong,,Wrong,,Wrong,,Wrong,1,
Q969,,,Wrong,,Wrong,,Wrong,,Wrong,,Wrong,1,
Q970,,,Wrong,,Wrong,,Wrong,,Wrong,,Wrong,1,
Q971,,,Wrong,,Wrong,,Wrong,,Wrong,,Wrong,1,
Q972,,,Wrong,,Wrong,,Wrong,,Wrong,,Wrong,1,
Q973,,,Wrong,,Wrong,,Wrong,,Wrong,,Wrong,1,
Q974,,,Wrong,,Wrong,,Wrong,,Wrong,,Wrong,1,
Q975,,,Wrong,,Wrong,,Wrong,,Wrong,,Wrong,1,
Q976,,,Wrong,,Wrong,,Wrong,,Wrong,,Wrong,1,
Q977,,,Wrong,,Wrong,,Wrong,,Wrong,,Wrong,1,
Q978,,,Wrong,,Wrong,,Wrong,,Wrong,,Wrong,1,
Q979,,,Wrong,,Wrong,,Wrong,,Wrong,,Wrong,1,
Q980,,,Wrong,,Wrong,,Wrong,,Wrong,,Wrong,1,
Q981,,,Wrong,,Wrong,,Wrong,,Wrong,,Wrong,1,
Q982,,,Wrong,,Wrong,,Wrong,,Wrong,,Wrong,1,
Q983,,,Wrong,,Wrong,,Wrong,,Wrong,,Wrong,1,
Q984,,,Wrong,,Wrong,,Wrong,,Wrong,,Wrong,1,
Q985,,,Wrong,,Wrong,,Wrong,,Wrong,,Wrong,1,
Q986,,,Wrong,,Wrong,,Wrong,,Wrong,,Wrong,1,
Q987,,,Wrong,,Wrong,,Wrong,,Wrong,,Wrong,1,
Q988,,,Wrong,,Wrong,,Wrong,,Wrong,,Wrong,1,
Q989,,,Wrong,,Wrong,,Wrong,,Wrong,,Wrong,1,
Q990,,,Wrong,,Wrong,,Wrong,,Wrong,,Wrong,1,
Q991,,,Wrong,,Wrong,,Wrong,,Wrong,,Wrong,1,
Q992,,,Wrong,,Wrong,,Wrong,,Wrong,,Wrong,1,
Q993,,,Wrong,,Wrong,,Wrong,,Wrong,,Wrong,1,
Q994,,,Wrong,,Wrong,,Wrong,,Wrong,,Wrong,1,
Q995,,,Wrong,,Wrong,,Wrong,,Wrong,,Wrong,1,
Q996,,,,,,,,,,,,,
Q997,,,,,,,,,,,,,
Q998,,,,,,,,,,,,,